scenario,count,avg_ms,p50_ms,p90_ms,p95_ms,max_ms
warm,150,77.22973999999999,71.674,86.7321,151.65264999999994,188.34
mixed,150,66.72312666666667,61.8365,86.53659999999999,105.12384999999982,152.932
cold,0,,,,,
