scenario,count,avg_ms,p50_ms,p90_ms,p95_ms,max_ms
warm,150,86.22731333333333,69.27,90.6785,290.81454999999994,330.202
mixed,150,73.00030666666667,69.8175,87.2521,94.89109999999998,150.753
cold,10,104.5575,83.8025,119.81419999999994,200.61709999999982,281.42
